x,y,z,substrate
-490,-490,0.0,1
-490,-470,0.0,2
-490,-450,0.0,3
-490,-430,0.0,4
-490,-410,0.0,5
-490,-390,0.0,6
-490,-370,0.0,7
-490,-350,0.0,8
-490,-330,0.0,9
-490,-310,0.0,10
-490,-290,0.0,11
-490,-270,0.0,12
-490,-250,0.0,13
-490,-230,0.0,14
-490,-210,0.0,15
-490,-190,0.0,16
-490,-170,0.0,17
-490,-150,0.0,18
-490,-130,0.0,19
-490,-110,0.0,20
-490,-90,0.0,21
-490,-70,0.0,22
-490,-50,0.0,23
-490,-30,0.0,24
-490,-10,0.0,25
-490,10,0.0,26
-490,30,0.0,27
-490,50,0.0,28
-490,70,0.0,29
-490,90,0.0,30
-490,110,0.0,31
-490,130,0.0,32
-490,150,0.0,33
-490,170,0.0,34
-490,190,0.0,35
-490,210,0.0,36
-490,230,0.0,37
-490,250,0.0,38
-490,270,0.0,39
-490,290,0.0,40
-490,310,0.0,41
-490,330,0.0,42
-490,350,0.0,43
-490,370,0.0,44
-490,390,0.0,45
-490,410,0.0,46
-490,430,0.0,47
-490,450,0.0,48
-490,470,0.0,49
-490,490,0.0,50
-470,-490,0.0,51
-470,-470,0.0,52
-470,-450,0.0,53
-470,-430,0.0,54
-470,-410,0.0,55
-470,-390,0.0,56
-470,-370,0.0,57
-470,-350,0.0,58
-470,-330,0.0,59
-470,-310,0.0,60
-470,-290,0.0,61
-470,-270,0.0,62
-470,-250,0.0,63
-470,-230,0.0,64
-470,-210,0.0,65
-470,-190,0.0,66
-470,-170,0.0,67
-470,-150,0.0,68
-470,-130,0.0,69
-470,-110,0.0,70
-470,-90,0.0,71
-470,-70,0.0,72
-470,-50,0.0,73
-470,-30,0.0,74
-470,-10,0.0,75
-470,10,0.0,76
-470,30,0.0,77
-470,50,0.0,78
-470,70,0.0,79
-470,90,0.0,80
-470,110,0.0,81
-470,130,0.0,82
-470,150,0.0,83
-470,170,0.0,84
-470,190,0.0,85
-470,210,0.0,86
-470,230,0.0,87
-470,250,0.0,88
-470,270,0.0,89
-470,290,0.0,90
-470,310,0.0,91
-470,330,0.0,92
-470,350,0.0,93
-470,370,0.0,94
-470,390,0.0,95
-470,410,0.0,96
-470,430,0.0,97
-470,450,0.0,98
-470,470,0.0,99
-470,490,0.0,100
-450,-490,0.0,101
-450,-470,0.0,102
-450,-450,0.0,103
-450,-430,0.0,104
-450,-410,0.0,105
-450,-390,0.0,106
-450,-370,0.0,107
-450,-350,0.0,108
-450,-330,0.0,109
-450,-310,0.0,110
-450,-290,0.0,111
-450,-270,0.0,112
-450,-250,0.0,113
-450,-230,0.0,114
-450,-210,0.0,115
-450,-190,0.0,116
-450,-170,0.0,117
-450,-150,0.0,118
-450,-130,0.0,119
-450,-110,0.0,120
-450,-90,0.0,121
-450,-70,0.0,122
-450,-50,0.0,123
-450,-30,0.0,124
-450,-10,0.0,125
-450,10,0.0,126
-450,30,0.0,127
-450,50,0.0,128
-450,70,0.0,129
-450,90,0.0,130
-450,110,0.0,131
-450,130,0.0,132
-450,150,0.0,133
-450,170,0.0,134
-450,190,0.0,135
-450,210,0.0,136
-450,230,0.0,137
-450,250,0.0,138
-450,270,0.0,139
-450,290,0.0,140
-450,310,0.0,141
-450,330,0.0,142
-450,350,0.0,143
-450,370,0.0,144
-450,390,0.0,145
-450,410,0.0,146
-450,430,0.0,147
-450,450,0.0,148
-450,470,0.0,149
-450,490,0.0,150
-430,-490,0.0,151
-430,-470,0.0,152
-430,-450,0.0,153
-430,-430,0.0,154
-430,-410,0.0,155
-430,-390,0.0,156
-430,-370,0.0,157
-430,-350,0.0,158
-430,-330,0.0,159
-430,-310,0.0,160
-430,-290,0.0,161
-430,-270,0.0,162
-430,-250,0.0,163
-430,-230,0.0,164
-430,-210,0.0,165
-430,-190,0.0,166
-430,-170,0.0,167
-430,-150,0.0,168
-430,-130,0.0,169
-430,-110,0.0,170
-430,-90,0.0,171
-430,-70,0.0,172
-430,-50,0.0,173
-430,-30,0.0,174
-430,-10,0.0,175
-430,10,0.0,176
-430,30,0.0,177
-430,50,0.0,178
-430,70,0.0,179
-430,90,0.0,180
-430,110,0.0,181
-430,130,0.0,182
-430,150,0.0,183
-430,170,0.0,184
-430,190,0.0,185
-430,210,0.0,186
-430,230,0.0,187
-430,250,0.0,188
-430,270,0.0,189
-430,290,0.0,190
-430,310,0.0,191
-430,330,0.0,192
-430,350,0.0,193
-430,370,0.0,194
-430,390,0.0,195
-430,410,0.0,196
-430,430,0.0,197
-430,450,0.0,198
-430,470,0.0,199
-430,490,0.0,200
-410,-490,0.0,201
-410,-470,0.0,202
-410,-450,0.0,203
-410,-430,0.0,204
-410,-410,0.0,205
-410,-390,0.0,206
-410,-370,0.0,207
-410,-350,0.0,208
-410,-330,0.0,209
-410,-310,0.0,210
-410,-290,0.0,211
-410,-270,0.0,212
-410,-250,0.0,213
-410,-230,0.0,214
-410,-210,0.0,215
-410,-190,0.0,216
-410,-170,0.0,217
-410,-150,0.0,218
-410,-130,0.0,219
-410,-110,0.0,220
-410,-90,0.0,221
-410,-70,0.0,222
-410,-50,0.0,223
-410,-30,0.0,224
-410,-10,0.0,225
-410,10,0.0,226
-410,30,0.0,227
-410,50,0.0,228
-410,70,0.0,229
-410,90,0.0,230
-410,110,0.0,231
-410,130,0.0,232
-410,150,0.0,233
-410,170,0.0,234
-410,190,0.0,235
-410,210,0.0,236
-410,230,0.0,237
-410,250,0.0,238
-410,270,0.0,239
-410,290,0.0,240
-410,310,0.0,241
-410,330,0.0,242
-410,350,0.0,243
-410,370,0.0,244
-410,390,0.0,245
-410,410,0.0,246
-410,430,0.0,247
-410,450,0.0,248
-410,470,0.0,249
-410,490,0.0,250
-390,-490,0.0,251
-390,-470,0.0,252
-390,-450,0.0,253
-390,-430,0.0,254
-390,-410,0.0,255
-390,-390,0.0,256
-390,-370,0.0,257
-390,-350,0.0,258
-390,-330,0.0,259
-390,-310,0.0,260
-390,-290,0.0,261
-390,-270,0.0,262
-390,-250,0.0,263
-390,-230,0.0,264
-390,-210,0.0,265
-390,-190,0.0,266
-390,-170,0.0,267
-390,-150,0.0,268
-390,-130,0.0,269
-390,-110,0.0,270
-390,-90,0.0,271
-390,-70,0.0,272
-390,-50,0.0,273
-390,-30,0.0,274
-390,-10,0.0,275
-390,10,0.0,276
-390,30,0.0,277
-390,50,0.0,278
-390,70,0.0,279
-390,90,0.0,280
-390,110,0.0,281
-390,130,0.0,282
-390,150,0.0,283
-390,170,0.0,284
-390,190,0.0,285
-390,210,0.0,286
-390,230,0.0,287
-390,250,0.0,288
-390,270,0.0,289
-390,290,0.0,290
-390,310,0.0,291
-390,330,0.0,292
-390,350,0.0,293
-390,370,0.0,294
-390,390,0.0,295
-390,410,0.0,296
-390,430,0.0,297
-390,450,0.0,298
-390,470,0.0,299
-390,490,0.0,300
-370,-490,0.0,301
-370,-470,0.0,302
-370,-450,0.0,303
-370,-430,0.0,304
-370,-410,0.0,305
-370,-390,0.0,306
-370,-370,0.0,307
-370,-350,0.0,308
-370,-330,0.0,309
-370,-310,0.0,310
-370,-290,0.0,311
-370,-270,0.0,312
-370,-250,0.0,313
-370,-230,0.0,314
-370,-210,0.0,315
-370,-190,0.0,316
-370,-170,0.0,317
-370,-150,0.0,318
-370,-130,0.0,319
-370,-110,0.0,320
-370,-90,0.0,321
-370,-70,0.0,322
-370,-50,0.0,323
-370,-30,0.0,324
-370,-10,0.0,325
-370,10,0.0,326
-370,30,0.0,327
-370,50,0.0,328
-370,70,0.0,329
-370,90,0.0,330
-370,110,0.0,331
-370,130,0.0,332
-370,150,0.0,333
-370,170,0.0,334
-370,190,0.0,335
-370,210,0.0,336
-370,230,0.0,337
-370,250,0.0,338
-370,270,0.0,339
-370,290,0.0,340
-370,310,0.0,341
-370,330,0.0,342
-370,350,0.0,343
-370,370,0.0,344
-370,390,0.0,345
-370,410,0.0,346
-370,430,0.0,347
-370,450,0.0,348
-370,470,0.0,349
-370,490,0.0,350
-350,-490,0.0,351
-350,-470,0.0,352
-350,-450,0.0,353
-350,-430,0.0,354
-350,-410,0.0,355
-350,-390,0.0,356
-350,-370,0.0,357
-350,-350,0.0,358
-350,-330,0.0,359
-350,-310,0.0,360
-350,-290,0.0,361
-350,-270,0.0,362
-350,-250,0.0,363
-350,-230,0.0,364
-350,-210,0.0,365
-350,-190,0.0,366
-350,-170,0.0,367
-350,-150,0.0,368
-350,-130,0.0,369
-350,-110,0.0,370
-350,-90,0.0,371
-350,-70,0.0,372
-350,-50,0.0,373
-350,-30,0.0,374
-350,-10,0.0,375
-350,10,0.0,376
-350,30,0.0,377
-350,50,0.0,378
-350,70,0.0,379
-350,90,0.0,380
-350,110,0.0,381
-350,130,0.0,382
-350,150,0.0,383
-350,170,0.0,384
-350,190,0.0,385
-350,210,0.0,386
-350,230,0.0,387
-350,250,0.0,388
-350,270,0.0,389
-350,290,0.0,390
-350,310,0.0,391
-350,330,0.0,392
-350,350,0.0,393
-350,370,0.0,394
-350,390,0.0,395
-350,410,0.0,396
-350,430,0.0,397
-350,450,0.0,398
-350,470,0.0,399
-350,490,0.0,400
-330,-490,0.0,401
-330,-470,0.0,402
-330,-450,0.0,403
-330,-430,0.0,404
-330,-410,0.0,405
-330,-390,0.0,406
-330,-370,0.0,407
-330,-350,0.0,408
-330,-330,0.0,409
-330,-310,0.0,410
-330,-290,0.0,411
-330,-270,0.0,412
-330,-250,0.0,413
-330,-230,0.0,414
-330,-210,0.0,415
-330,-190,0.0,416
-330,-170,0.0,417
-330,-150,0.0,418
-330,-130,0.0,419
-330,-110,0.0,420
-330,-90,0.0,421
-330,-70,0.0,422
-330,-50,0.0,423
-330,-30,0.0,424
-330,-10,0.0,425
-330,10,0.0,426
-330,30,0.0,427
-330,50,0.0,428
-330,70,0.0,429
-330,90,0.0,430
-330,110,0.0,431
-330,130,0.0,432
-330,150,0.0,433
-330,170,0.0,434
-330,190,0.0,435
-330,210,0.0,436
-330,230,0.0,437
-330,250,0.0,438
-330,270,0.0,439
-330,290,0.0,440
-330,310,0.0,441
-330,330,0.0,442
-330,350,0.0,443
-330,370,0.0,444
-330,390,0.0,445
-330,410,0.0,446
-330,430,0.0,447
-330,450,0.0,448
-330,470,0.0,449
-330,490,0.0,450
-310,-490,0.0,451
-310,-470,0.0,452
-310,-450,0.0,453
-310,-430,0.0,454
-310,-410,0.0,455
-310,-390,0.0,456
-310,-370,0.0,457
-310,-350,0.0,458
-310,-330,0.0,459
-310,-310,0.0,460
-310,-290,0.0,461
-310,-270,0.0,462
-310,-250,0.0,463
-310,-230,0.0,464
-310,-210,0.0,465
-310,-190,0.0,466
-310,-170,0.0,467
-310,-150,0.0,468
-310,-130,0.0,469
-310,-110,0.0,470
-310,-90,0.0,471
-310,-70,0.0,472
-310,-50,0.0,473
-310,-30,0.0,474
-310,-10,0.0,475
-310,10,0.0,476
-310,30,0.0,477
-310,50,0.0,478
-310,70,0.0,479
-310,90,0.0,480
-310,110,0.0,481
-310,130,0.0,482
-310,150,0.0,483
-310,170,0.0,484
-310,190,0.0,485
-310,210,0.0,486
-310,230,0.0,487
-310,250,0.0,488
-310,270,0.0,489
-310,290,0.0,490
-310,310,0.0,491
-310,330,0.0,492
-310,350,0.0,493
-310,370,0.0,494
-310,390,0.0,495
-310,410,0.0,496
-310,430,0.0,497
-310,450,0.0,498
-310,470,0.0,499
-310,490,0.0,500
-290,-490,0.0,501
-290,-470,0.0,502
-290,-450,0.0,503
-290,-430,0.0,504
-290,-410,0.0,505
-290,-390,0.0,506
-290,-370,0.0,507
-290,-350,0.0,508
-290,-330,0.0,509
-290,-310,0.0,510
-290,-290,0.0,511
-290,-270,0.0,512
-290,-250,0.0,513
-290,-230,0.0,514
-290,-210,0.0,515
-290,-190,0.0,516
-290,-170,0.0,517
-290,-150,0.0,518
-290,-130,0.0,519
-290,-110,0.0,520
-290,-90,0.0,521
-290,-70,0.0,522
-290,-50,0.0,523
-290,-30,0.0,524
-290,-10,0.0,525
-290,10,0.0,526
-290,30,0.0,527
-290,50,0.0,528
-290,70,0.0,529
-290,90,0.0,530
-290,110,0.0,531
-290,130,0.0,532
-290,150,0.0,533
-290,170,0.0,534
-290,190,0.0,535
-290,210,0.0,536
-290,230,0.0,537
-290,250,0.0,538
-290,270,0.0,539
-290,290,0.0,540
-290,310,0.0,541
-290,330,0.0,542
-290,350,0.0,543
-290,370,0.0,544
-290,390,0.0,545
-290,410,0.0,546
-290,430,0.0,547
-290,450,0.0,548
-290,470,0.0,549
-290,490,0.0,550
-270,-490,0.0,551
-270,-470,0.0,552
-270,-450,0.0,553
-270,-430,0.0,554
-270,-410,0.0,555
-270,-390,0.0,556
-270,-370,0.0,557
-270,-350,0.0,558
-270,-330,0.0,559
-270,-310,0.0,560
-270,-290,0.0,561
-270,-270,0.0,562
-270,-250,0.0,563
-270,-230,0.0,564
-270,-210,0.0,565
-270,-190,0.0,566
-270,-170,0.0,567
-270,-150,0.0,568
-270,-130,0.0,569
-270,-110,0.0,570
-270,-90,0.0,571
-270,-70,0.0,572
-270,-50,0.0,573
-270,-30,0.0,574
-270,-10,0.0,575
-270,10,0.0,576
-270,30,0.0,577
-270,50,0.0,578
-270,70,0.0,579
-270,90,0.0,580
-270,110,0.0,581
-270,130,0.0,582
-270,150,0.0,583
-270,170,0.0,584
-270,190,0.0,585
-270,210,0.0,586
-270,230,0.0,587
-270,250,0.0,588
-270,270,0.0,589
-270,290,0.0,590
-270,310,0.0,591
-270,330,0.0,592
-270,350,0.0,593
-270,370,0.0,594
-270,390,0.0,595
-270,410,0.0,596
-270,430,0.0,597
-270,450,0.0,598
-270,470,0.0,599
-270,490,0.0,600
-250,-490,0.0,601
-250,-470,0.0,602
-250,-450,0.0,603
-250,-430,0.0,604
-250,-410,0.0,605
-250,-390,0.0,606
-250,-370,0.0,607
-250,-350,0.0,608
-250,-330,0.0,609
-250,-310,0.0,610
-250,-290,0.0,611
-250,-270,0.0,612
-250,-250,0.0,613
-250,-230,0.0,614
-250,-210,0.0,615
-250,-190,0.0,616
-250,-170,0.0,617
-250,-150,0.0,618
-250,-130,0.0,619
-250,-110,0.0,620
-250,-90,0.0,621
-250,-70,0.0,622
-250,-50,0.0,623
-250,-30,0.0,624
-250,-10,0.0,625
-250,10,0.0,626
-250,30,0.0,627
-250,50,0.0,628
-250,70,0.0,629
-250,90,0.0,630
-250,110,0.0,631
-250,130,0.0,632
-250,150,0.0,633
-250,170,0.0,634
-250,190,0.0,635
-250,210,0.0,636
-250,230,0.0,637
-250,250,0.0,638
-250,270,0.0,639
-250,290,0.0,640
-250,310,0.0,641
-250,330,0.0,642
-250,350,0.0,643
-250,370,0.0,644
-250,390,0.0,645
-250,410,0.0,646
-250,430,0.0,647
-250,450,0.0,648
-250,470,0.0,649
-250,490,0.0,650
-230,-490,0.0,651
-230,-470,0.0,652
-230,-450,0.0,653
-230,-430,0.0,654
-230,-410,0.0,655
-230,-390,0.0,656
-230,-370,0.0,657
-230,-350,0.0,658
-230,-330,0.0,659
-230,-310,0.0,660
-230,-290,0.0,661
-230,-270,0.0,662
-230,-250,0.0,663
-230,-230,0.0,664
-230,-210,0.0,665
-230,-190,0.0,666
-230,-170,0.0,667
-230,-150,0.0,668
-230,-130,0.0,669
-230,-110,0.0,670
-230,-90,0.0,671
-230,-70,0.0,672
-230,-50,0.0,673
-230,-30,0.0,674
-230,-10,0.0,675
-230,10,0.0,676
-230,30,0.0,677
-230,50,0.0,678
-230,70,0.0,679
-230,90,0.0,680
-230,110,0.0,681
-230,130,0.0,682
-230,150,0.0,683
-230,170,0.0,684
-230,190,0.0,685
-230,210,0.0,686
-230,230,0.0,687
-230,250,0.0,688
-230,270,0.0,689
-230,290,0.0,690
-230,310,0.0,691
-230,330,0.0,692
-230,350,0.0,693
-230,370,0.0,694
-230,390,0.0,695
-230,410,0.0,696
-230,430,0.0,697
-230,450,0.0,698
-230,470,0.0,699
-230,490,0.0,700
-210,-490,0.0,701
-210,-470,0.0,702
-210,-450,0.0,703
-210,-430,0.0,704
-210,-410,0.0,705
-210,-390,0.0,706
-210,-370,0.0,707
-210,-350,0.0,708
-210,-330,0.0,709
-210,-310,0.0,710
-210,-290,0.0,711
-210,-270,0.0,712
-210,-250,0.0,713
-210,-230,0.0,714
-210,-210,0.0,715
-210,-190,0.0,716
-210,-170,0.0,717
-210,-150,0.0,718
-210,-130,0.0,719
-210,-110,0.0,720
-210,-90,0.0,721
-210,-70,0.0,722
-210,-50,0.0,723
-210,-30,0.0,724
-210,-10,0.0,725
-210,10,0.0,726
-210,30,0.0,727
-210,50,0.0,728
-210,70,0.0,729
-210,90,0.0,730
-210,110,0.0,731
-210,130,0.0,732
-210,150,0.0,733
-210,170,0.0,734
-210,190,0.0,735
-210,210,0.0,736
-210,230,0.0,737
-210,250,0.0,738
-210,270,0.0,739
-210,290,0.0,740
-210,310,0.0,741
-210,330,0.0,742
-210,350,0.0,743
-210,370,0.0,744
-210,390,0.0,745
-210,410,0.0,746
-210,430,0.0,747
-210,450,0.0,748
-210,470,0.0,749
-210,490,0.0,750
-190,-490,0.0,751
-190,-470,0.0,752
-190,-450,0.0,753
-190,-430,0.0,754
-190,-410,0.0,755
-190,-390,0.0,756
-190,-370,0.0,757
-190,-350,0.0,758
-190,-330,0.0,759
-190,-310,0.0,760
-190,-290,0.0,761
-190,-270,0.0,762
-190,-250,0.0,763
-190,-230,0.0,764
-190,-210,0.0,765
-190,-190,0.0,766
-190,-170,0.0,767
-190,-150,0.0,768
-190,-130,0.0,769
-190,-110,0.0,770
-190,-90,0.0,771
-190,-70,0.0,772
-190,-50,0.0,773
-190,-30,0.0,774
-190,-10,0.0,775
-190,10,0.0,776
-190,30,0.0,777
-190,50,0.0,778
-190,70,0.0,779
-190,90,0.0,780
-190,110,0.0,781
-190,130,0.0,782
-190,150,0.0,783
-190,170,0.0,784
-190,190,0.0,785
-190,210,0.0,786
-190,230,0.0,787
-190,250,0.0,788
-190,270,0.0,789
-190,290,0.0,790
-190,310,0.0,791
-190,330,0.0,792
-190,350,0.0,793
-190,370,0.0,794
-190,390,0.0,795
-190,410,0.0,796
-190,430,0.0,797
-190,450,0.0,798
-190,470,0.0,799
-190,490,0.0,800
-170,-490,0.0,801
-170,-470,0.0,802
-170,-450,0.0,803
-170,-430,0.0,804
-170,-410,0.0,805
-170,-390,0.0,806
-170,-370,0.0,807
-170,-350,0.0,808
-170,-330,0.0,809
-170,-310,0.0,810
-170,-290,0.0,811
-170,-270,0.0,812
-170,-250,0.0,813
-170,-230,0.0,814
-170,-210,0.0,815
-170,-190,0.0,816
-170,-170,0.0,817
-170,-150,0.0,818
-170,-130,0.0,819
-170,-110,0.0,820
-170,-90,0.0,821
-170,-70,0.0,822
-170,-50,0.0,823
-170,-30,0.0,824
-170,-10,0.0,825
-170,10,0.0,826
-170,30,0.0,827
-170,50,0.0,828
-170,70,0.0,829
-170,90,0.0,830
-170,110,0.0,831
-170,130,0.0,832
-170,150,0.0,833
-170,170,0.0,834
-170,190,0.0,835
-170,210,0.0,836
-170,230,0.0,837
-170,250,0.0,838
-170,270,0.0,839
-170,290,0.0,840
-170,310,0.0,841
-170,330,0.0,842
-170,350,0.0,843
-170,370,0.0,844
-170,390,0.0,845
-170,410,0.0,846
-170,430,0.0,847
-170,450,0.0,848
-170,470,0.0,849
-170,490,0.0,850
-150,-490,0.0,851
-150,-470,0.0,852
-150,-450,0.0,853
-150,-430,0.0,854
-150,-410,0.0,855
-150,-390,0.0,856
-150,-370,0.0,857
-150,-350,0.0,858
-150,-330,0.0,859
-150,-310,0.0,860
-150,-290,0.0,861
-150,-270,0.0,862
-150,-250,0.0,863
-150,-230,0.0,864
-150,-210,0.0,865
-150,-190,0.0,866
-150,-170,0.0,867
-150,-150,0.0,868
-150,-130,0.0,869
-150,-110,0.0,870
-150,-90,0.0,871
-150,-70,0.0,872
-150,-50,0.0,873
-150,-30,0.0,874
-150,-10,0.0,875
-150,10,0.0,876
-150,30,0.0,877
-150,50,0.0,878
-150,70,0.0,879
-150,90,0.0,880
-150,110,0.0,881
-150,130,0.0,882
-150,150,0.0,883
-150,170,0.0,884
-150,190,0.0,885
-150,210,0.0,886
-150,230,0.0,887
-150,250,0.0,888
-150,270,0.0,889
-150,290,0.0,890
-150,310,0.0,891
-150,330,0.0,892
-150,350,0.0,893
-150,370,0.0,894
-150,390,0.0,895
-150,410,0.0,896
-150,430,0.0,897
-150,450,0.0,898
-150,470,0.0,899
-150,490,0.0,900
-130,-490,0.0,901
-130,-470,0.0,902
-130,-450,0.0,903
-130,-430,0.0,904
-130,-410,0.0,905
-130,-390,0.0,906
-130,-370,0.0,907
-130,-350,0.0,908
-130,-330,0.0,909
-130,-310,0.0,910
-130,-290,0.0,911
-130,-270,0.0,912
-130,-250,0.0,913
-130,-230,0.0,914
-130,-210,0.0,915
-130,-190,0.0,916
-130,-170,0.0,917
-130,-150,0.0,918
-130,-130,0.0,919
-130,-110,0.0,920
-130,-90,0.0,921
-130,-70,0.0,922
-130,-50,0.0,923
-130,-30,0.0,924
-130,-10,0.0,925
-130,10,0.0,926
-130,30,0.0,927
-130,50,0.0,928
-130,70,0.0,929
-130,90,0.0,930
-130,110,0.0,931
-130,130,0.0,932
-130,150,0.0,933
-130,170,0.0,934
-130,190,0.0,935
-130,210,0.0,936
-130,230,0.0,937
-130,250,0.0,938
-130,270,0.0,939
-130,290,0.0,940
-130,310,0.0,941
-130,330,0.0,942
-130,350,0.0,943
-130,370,0.0,944
-130,390,0.0,945
-130,410,0.0,946
-130,430,0.0,947
-130,450,0.0,948
-130,470,0.0,949
-130,490,0.0,950
-110,-490,0.0,951
-110,-470,0.0,952
-110,-450,0.0,953
-110,-430,0.0,954
-110,-410,0.0,955
-110,-390,0.0,956
-110,-370,0.0,957
-110,-350,0.0,958
-110,-330,0.0,959
-110,-310,0.0,960
-110,-290,0.0,961
-110,-270,0.0,962
-110,-250,0.0,963
-110,-230,0.0,964
-110,-210,0.0,965
-110,-190,0.0,966
-110,-170,0.0,967
-110,-150,0.0,968
-110,-130,0.0,969
-110,-110,0.0,970
-110,-90,0.0,971
-110,-70,0.0,972
-110,-50,0.0,973
-110,-30,0.0,974
-110,-10,0.0,975
-110,10,0.0,976
-110,30,0.0,977
-110,50,0.0,978
-110,70,0.0,979
-110,90,0.0,980
-110,110,0.0,981
-110,130,0.0,982
-110,150,0.0,983
-110,170,0.0,984
-110,190,0.0,985
-110,210,0.0,986
-110,230,0.0,987
-110,250,0.0,988
-110,270,0.0,989
-110,290,0.0,990
-110,310,0.0,991
-110,330,0.0,992
-110,350,0.0,993
-110,370,0.0,994
-110,390,0.0,995
-110,410,0.0,996
-110,430,0.0,997
-110,450,0.0,998
-110,470,0.0,999
-110,490,0.0,1000
-90,-490,0.0,1001
-90,-470,0.0,1002
-90,-450,0.0,1003
-90,-430,0.0,1004
-90,-410,0.0,1005
-90,-390,0.0,1006
-90,-370,0.0,1007
-90,-350,0.0,1008
-90,-330,0.0,1009
-90,-310,0.0,1010
-90,-290,0.0,1011
-90,-270,0.0,1012
-90,-250,0.0,1013
-90,-230,0.0,1014
-90,-210,0.0,1015
-90,-190,0.0,1016
-90,-170,0.0,1017
-90,-150,0.0,1018
-90,-130,0.0,1019
-90,-110,0.0,1020
-90,-90,0.0,1021
-90,-70,0.0,1022
-90,-50,0.0,1023
-90,-30,0.0,1024
-90,-10,0.0,1025
-90,10,0.0,1026
-90,30,0.0,1027
-90,50,0.0,1028
-90,70,0.0,1029
-90,90,0.0,1030
-90,110,0.0,1031
-90,130,0.0,1032
-90,150,0.0,1033
-90,170,0.0,1034
-90,190,0.0,1035
-90,210,0.0,1036
-90,230,0.0,1037
-90,250,0.0,1038
-90,270,0.0,1039
-90,290,0.0,1040
-90,310,0.0,1041
-90,330,0.0,1042
-90,350,0.0,1043
-90,370,0.0,1044
-90,390,0.0,1045
-90,410,0.0,1046
-90,430,0.0,1047
-90,450,0.0,1048
-90,470,0.0,1049
-90,490,0.0,1050
-70,-490,0.0,1051
-70,-470,0.0,1052
-70,-450,0.0,1053
-70,-430,0.0,1054
-70,-410,0.0,1055
-70,-390,0.0,1056
-70,-370,0.0,1057
-70,-350,0.0,1058
-70,-330,0.0,1059
-70,-310,0.0,1060
-70,-290,0.0,1061
-70,-270,0.0,1062
-70,-250,0.0,1063
-70,-230,0.0,1064
-70,-210,0.0,1065
-70,-190,0.0,1066
-70,-170,0.0,1067
-70,-150,0.0,1068
-70,-130,0.0,1069
-70,-110,0.0,1070
-70,-90,0.0,1071
-70,-70,0.0,1072
-70,-50,0.0,1073
-70,-30,0.0,1074
-70,-10,0.0,1075
-70,10,0.0,1076
-70,30,0.0,1077
-70,50,0.0,1078
-70,70,0.0,1079
-70,90,0.0,1080
-70,110,0.0,1081
-70,130,0.0,1082
-70,150,0.0,1083
-70,170,0.0,1084
-70,190,0.0,1085
-70,210,0.0,1086
-70,230,0.0,1087
-70,250,0.0,1088
-70,270,0.0,1089
-70,290,0.0,1090
-70,310,0.0,1091
-70,330,0.0,1092
-70,350,0.0,1093
-70,370,0.0,1094
-70,390,0.0,1095
-70,410,0.0,1096
-70,430,0.0,1097
-70,450,0.0,1098
-70,470,0.0,1099
-70,490,0.0,1100
-50,-490,0.0,1101
-50,-470,0.0,1102
-50,-450,0.0,1103
-50,-430,0.0,1104
-50,-410,0.0,1105
-50,-390,0.0,1106
-50,-370,0.0,1107
-50,-350,0.0,1108
-50,-330,0.0,1109
-50,-310,0.0,1110
-50,-290,0.0,1111
-50,-270,0.0,1112
-50,-250,0.0,1113
-50,-230,0.0,1114
-50,-210,0.0,1115
-50,-190,0.0,1116
-50,-170,0.0,1117
-50,-150,0.0,1118
-50,-130,0.0,1119
-50,-110,0.0,1120
-50,-90,0.0,1121
-50,-70,0.0,1122
-50,-50,0.0,1123
-50,-30,0.0,1124
-50,-10,0.0,1125
-50,10,0.0,1126
-50,30,0.0,1127
-50,50,0.0,1128
-50,70,0.0,1129
-50,90,0.0,1130
-50,110,0.0,1131
-50,130,0.0,1132
-50,150,0.0,1133
-50,170,0.0,1134
-50,190,0.0,1135
-50,210,0.0,1136
-50,230,0.0,1137
-50,250,0.0,1138
-50,270,0.0,1139
-50,290,0.0,1140
-50,310,0.0,1141
-50,330,0.0,1142
-50,350,0.0,1143
-50,370,0.0,1144
-50,390,0.0,1145
-50,410,0.0,1146
-50,430,0.0,1147
-50,450,0.0,1148
-50,470,0.0,1149
-50,490,0.0,1150
-30,-490,0.0,1151
-30,-470,0.0,1152
-30,-450,0.0,1153
-30,-430,0.0,1154
-30,-410,0.0,1155
-30,-390,0.0,1156
-30,-370,0.0,1157
-30,-350,0.0,1158
-30,-330,0.0,1159
-30,-310,0.0,1160
-30,-290,0.0,1161
-30,-270,0.0,1162
-30,-250,0.0,1163
-30,-230,0.0,1164
-30,-210,0.0,1165
-30,-190,0.0,1166
-30,-170,0.0,1167
-30,-150,0.0,1168
-30,-130,0.0,1169
-30,-110,0.0,1170
-30,-90,0.0,1171
-30,-70,0.0,1172
-30,-50,0.0,1173
-30,-30,0.0,1174
-30,-10,0.0,1175
-30,10,0.0,1176
-30,30,0.0,1177
-30,50,0.0,1178
-30,70,0.0,1179
-30,90,0.0,1180
-30,110,0.0,1181
-30,130,0.0,1182
-30,150,0.0,1183
-30,170,0.0,1184
-30,190,0.0,1185
-30,210,0.0,1186
-30,230,0.0,1187
-30,250,0.0,1188
-30,270,0.0,1189
-30,290,0.0,1190
-30,310,0.0,1191
-30,330,0.0,1192
-30,350,0.0,1193
-30,370,0.0,1194
-30,390,0.0,1195
-30,410,0.0,1196
-30,430,0.0,1197
-30,450,0.0,1198
-30,470,0.0,1199
-30,490,0.0,1200
-10,-490,0.0,1201
-10,-470,0.0,1202
-10,-450,0.0,1203
-10,-430,0.0,1204
-10,-410,0.0,1205
-10,-390,0.0,1206
-10,-370,0.0,1207
-10,-350,0.0,1208
-10,-330,0.0,1209
-10,-310,0.0,1210
-10,-290,0.0,1211
-10,-270,0.0,1212
-10,-250,0.0,1213
-10,-230,0.0,1214
-10,-210,0.0,1215
-10,-190,0.0,1216
-10,-170,0.0,1217
-10,-150,0.0,1218
-10,-130,0.0,1219
-10,-110,0.0,1220
-10,-90,0.0,1221
-10,-70,0.0,1222
-10,-50,0.0,1223
-10,-30,0.0,1224
-10,-10,0.0,1225
-10,10,0.0,1226
-10,30,0.0,1227
-10,50,0.0,1228
-10,70,0.0,1229
-10,90,0.0,1230
-10,110,0.0,1231
-10,130,0.0,1232
-10,150,0.0,1233
-10,170,0.0,1234
-10,190,0.0,1235
-10,210,0.0,1236
-10,230,0.0,1237
-10,250,0.0,1238
-10,270,0.0,1239
-10,290,0.0,1240
-10,310,0.0,1241
-10,330,0.0,1242
-10,350,0.0,1243
-10,370,0.0,1244
-10,390,0.0,1245
-10,410,0.0,1246
-10,430,0.0,1247
-10,450,0.0,1248
-10,470,0.0,1249
-10,490,0.0,1250
10,-490,0.0,1251
10,-470,0.0,1252
10,-450,0.0,1253
10,-430,0.0,1254
10,-410,0.0,1255
10,-390,0.0,1256
10,-370,0.0,1257
10,-350,0.0,1258
10,-330,0.0,1259
10,-310,0.0,1260
10,-290,0.0,1261
10,-270,0.0,1262
10,-250,0.0,1263
10,-230,0.0,1264
10,-210,0.0,1265
10,-190,0.0,1266
10,-170,0.0,1267
10,-150,0.0,1268
10,-130,0.0,1269
10,-110,0.0,1270
10,-90,0.0,1271
10,-70,0.0,1272
10,-50,0.0,1273
10,-30,0.0,1274
10,-10,0.0,1275
10,10,0.0,1276
10,30,0.0,1277
10,50,0.0,1278
10,70,0.0,1279
10,90,0.0,1280
10,110,0.0,1281
10,130,0.0,1282
10,150,0.0,1283
10,170,0.0,1284
10,190,0.0,1285
10,210,0.0,1286
10,230,0.0,1287
10,250,0.0,1288
10,270,0.0,1289
10,290,0.0,1290
10,310,0.0,1291
10,330,0.0,1292
10,350,0.0,1293
10,370,0.0,1294
10,390,0.0,1295
10,410,0.0,1296
10,430,0.0,1297
10,450,0.0,1298
10,470,0.0,1299
10,490,0.0,1300
30,-490,0.0,1301
30,-470,0.0,1302
30,-450,0.0,1303
30,-430,0.0,1304
30,-410,0.0,1305
30,-390,0.0,1306
30,-370,0.0,1307
30,-350,0.0,1308
30,-330,0.0,1309
30,-310,0.0,1310
30,-290,0.0,1311
30,-270,0.0,1312
30,-250,0.0,1313
30,-230,0.0,1314
30,-210,0.0,1315
30,-190,0.0,1316
30,-170,0.0,1317
30,-150,0.0,1318
30,-130,0.0,1319
30,-110,0.0,1320
30,-90,0.0,1321
30,-70,0.0,1322
30,-50,0.0,1323
30,-30,0.0,1324
30,-10,0.0,1325
30,10,0.0,1326
30,30,0.0,1327
30,50,0.0,1328
30,70,0.0,1329
30,90,0.0,1330
30,110,0.0,1331
30,130,0.0,1332
30,150,0.0,1333
30,170,0.0,1334
30,190,0.0,1335
30,210,0.0,1336
30,230,0.0,1337
30,250,0.0,1338
30,270,0.0,1339
30,290,0.0,1340
30,310,0.0,1341
30,330,0.0,1342
30,350,0.0,1343
30,370,0.0,1344
30,390,0.0,1345
30,410,0.0,1346
30,430,0.0,1347
30,450,0.0,1348
30,470,0.0,1349
30,490,0.0,1350
50,-490,0.0,1351
50,-470,0.0,1352
50,-450,0.0,1353
50,-430,0.0,1354
50,-410,0.0,1355
50,-390,0.0,1356
50,-370,0.0,1357
50,-350,0.0,1358
50,-330,0.0,1359
50,-310,0.0,1360
50,-290,0.0,1361
50,-270,0.0,1362
50,-250,0.0,1363
50,-230,0.0,1364
50,-210,0.0,1365
50,-190,0.0,1366
50,-170,0.0,1367
50,-150,0.0,1368
50,-130,0.0,1369
50,-110,0.0,1370
50,-90,0.0,1371
50,-70,0.0,1372
50,-50,0.0,1373
50,-30,0.0,1374
50,-10,0.0,1375
50,10,0.0,1376
50,30,0.0,1377
50,50,0.0,1378
50,70,0.0,1379
50,90,0.0,1380
50,110,0.0,1381
50,130,0.0,1382
50,150,0.0,1383
50,170,0.0,1384
50,190,0.0,1385
50,210,0.0,1386
50,230,0.0,1387
50,250,0.0,1388
50,270,0.0,1389
50,290,0.0,1390
50,310,0.0,1391
50,330,0.0,1392
50,350,0.0,1393
50,370,0.0,1394
50,390,0.0,1395
50,410,0.0,1396
50,430,0.0,1397
50,450,0.0,1398
50,470,0.0,1399
50,490,0.0,1400
70,-490,0.0,1401
70,-470,0.0,1402
70,-450,0.0,1403
70,-430,0.0,1404
70,-410,0.0,1405
70,-390,0.0,1406
70,-370,0.0,1407
70,-350,0.0,1408
70,-330,0.0,1409
70,-310,0.0,1410
70,-290,0.0,1411
70,-270,0.0,1412
70,-250,0.0,1413
70,-230,0.0,1414
70,-210,0.0,1415
70,-190,0.0,1416
70,-170,0.0,1417
70,-150,0.0,1418
70,-130,0.0,1419
70,-110,0.0,1420
70,-90,0.0,1421
70,-70,0.0,1422
70,-50,0.0,1423
70,-30,0.0,1424
70,-10,0.0,1425
70,10,0.0,1426
70,30,0.0,1427
70,50,0.0,1428
70,70,0.0,1429
70,90,0.0,1430
70,110,0.0,1431
70,130,0.0,1432
70,150,0.0,1433
70,170,0.0,1434
70,190,0.0,1435
70,210,0.0,1436
70,230,0.0,1437
70,250,0.0,1438
70,270,0.0,1439
70,290,0.0,1440
70,310,0.0,1441
70,330,0.0,1442
70,350,0.0,1443
70,370,0.0,1444
70,390,0.0,1445
70,410,0.0,1446
70,430,0.0,1447
70,450,0.0,1448
70,470,0.0,1449
70,490,0.0,1450
90,-490,0.0,1451
90,-470,0.0,1452
90,-450,0.0,1453
90,-430,0.0,1454
90,-410,0.0,1455
90,-390,0.0,1456
90,-370,0.0,1457
90,-350,0.0,1458
90,-330,0.0,1459
90,-310,0.0,1460
90,-290,0.0,1461
90,-270,0.0,1462
90,-250,0.0,1463
90,-230,0.0,1464
90,-210,0.0,1465
90,-190,0.0,1466
90,-170,0.0,1467
90,-150,0.0,1468
90,-130,0.0,1469
90,-110,0.0,1470
90,-90,0.0,1471
90,-70,0.0,1472
90,-50,0.0,1473
90,-30,0.0,1474
90,-10,0.0,1475
90,10,0.0,1476
90,30,0.0,1477
90,50,0.0,1478
90,70,0.0,1479
90,90,0.0,1480
90,110,0.0,1481
90,130,0.0,1482
90,150,0.0,1483
90,170,0.0,1484
90,190,0.0,1485
90,210,0.0,1486
90,230,0.0,1487
90,250,0.0,1488
90,270,0.0,1489
90,290,0.0,1490
90,310,0.0,1491
90,330,0.0,1492
90,350,0.0,1493
90,370,0.0,1494
90,390,0.0,1495
90,410,0.0,1496
90,430,0.0,1497
90,450,0.0,1498
90,470,0.0,1499
90,490,0.0,1500
110,-490,0.0,1501
110,-470,0.0,1502
110,-450,0.0,1503
110,-430,0.0,1504
110,-410,0.0,1505
110,-390,0.0,1506
110,-370,0.0,1507
110,-350,0.0,1508
110,-330,0.0,1509
110,-310,0.0,1510
110,-290,0.0,1511
110,-270,0.0,1512
110,-250,0.0,1513
110,-230,0.0,1514
110,-210,0.0,1515
110,-190,0.0,1516
110,-170,0.0,1517
110,-150,0.0,1518
110,-130,0.0,1519
110,-110,0.0,1520
110,-90,0.0,1521
110,-70,0.0,1522
110,-50,0.0,1523
110,-30,0.0,1524
110,-10,0.0,1525
110,10,0.0,1526
110,30,0.0,1527
110,50,0.0,1528
110,70,0.0,1529
110,90,0.0,1530
110,110,0.0,1531
110,130,0.0,1532
110,150,0.0,1533
110,170,0.0,1534
110,190,0.0,1535
110,210,0.0,1536
110,230,0.0,1537
110,250,0.0,1538
110,270,0.0,1539
110,290,0.0,1540
110,310,0.0,1541
110,330,0.0,1542
110,350,0.0,1543
110,370,0.0,1544
110,390,0.0,1545
110,410,0.0,1546
110,430,0.0,1547
110,450,0.0,1548
110,470,0.0,1549
110,490,0.0,1550
130,-490,0.0,1551
130,-470,0.0,1552
130,-450,0.0,1553
130,-430,0.0,1554
130,-410,0.0,1555
130,-390,0.0,1556
130,-370,0.0,1557
130,-350,0.0,1558
130,-330,0.0,1559
130,-310,0.0,1560
130,-290,0.0,1561
130,-270,0.0,1562
130,-250,0.0,1563
130,-230,0.0,1564
130,-210,0.0,1565
130,-190,0.0,1566
130,-170,0.0,1567
130,-150,0.0,1568
130,-130,0.0,1569
130,-110,0.0,1570
130,-90,0.0,1571
130,-70,0.0,1572
130,-50,0.0,1573
130,-30,0.0,1574
130,-10,0.0,1575
130,10,0.0,1576
130,30,0.0,1577
130,50,0.0,1578
130,70,0.0,1579
130,90,0.0,1580
130,110,0.0,1581
130,130,0.0,1582
130,150,0.0,1583
130,170,0.0,1584
130,190,0.0,1585
130,210,0.0,1586
130,230,0.0,1587
130,250,0.0,1588
130,270,0.0,1589
130,290,0.0,1590
130,310,0.0,1591
130,330,0.0,1592
130,350,0.0,1593
130,370,0.0,1594
130,390,0.0,1595
130,410,0.0,1596
130,430,0.0,1597
130,450,0.0,1598
130,470,0.0,1599
130,490,0.0,1600
150,-490,0.0,1601
150,-470,0.0,1602
150,-450,0.0,1603
150,-430,0.0,1604
150,-410,0.0,1605
150,-390,0.0,1606
150,-370,0.0,1607
150,-350,0.0,1608
150,-330,0.0,1609
150,-310,0.0,1610
150,-290,0.0,1611
150,-270,0.0,1612
150,-250,0.0,1613
150,-230,0.0,1614
150,-210,0.0,1615
150,-190,0.0,1616
150,-170,0.0,1617
150,-150,0.0,1618
150,-130,0.0,1619
150,-110,0.0,1620
150,-90,0.0,1621
150,-70,0.0,1622
150,-50,0.0,1623
150,-30,0.0,1624
150,-10,0.0,1625
150,10,0.0,1626
150,30,0.0,1627
150,50,0.0,1628
150,70,0.0,1629
150,90,0.0,1630
150,110,0.0,1631
150,130,0.0,1632
150,150,0.0,1633
150,170,0.0,1634
150,190,0.0,1635
150,210,0.0,1636
150,230,0.0,1637
150,250,0.0,1638
150,270,0.0,1639
150,290,0.0,1640
150,310,0.0,1641
150,330,0.0,1642
150,350,0.0,1643
150,370,0.0,1644
150,390,0.0,1645
150,410,0.0,1646
150,430,0.0,1647
150,450,0.0,1648
150,470,0.0,1649
150,490,0.0,1650
170,-490,0.0,1651
170,-470,0.0,1652
170,-450,0.0,1653
170,-430,0.0,1654
170,-410,0.0,1655
170,-390,0.0,1656
170,-370,0.0,1657
170,-350,0.0,1658
170,-330,0.0,1659
170,-310,0.0,1660
170,-290,0.0,1661
170,-270,0.0,1662
170,-250,0.0,1663
170,-230,0.0,1664
170,-210,0.0,1665
170,-190,0.0,1666
170,-170,0.0,1667
170,-150,0.0,1668
170,-130,0.0,1669
170,-110,0.0,1670
170,-90,0.0,1671
170,-70,0.0,1672
170,-50,0.0,1673
170,-30,0.0,1674
170,-10,0.0,1675
170,10,0.0,1676
170,30,0.0,1677
170,50,0.0,1678
170,70,0.0,1679
170,90,0.0,1680
170,110,0.0,1681
170,130,0.0,1682
170,150,0.0,1683
170,170,0.0,1684
170,190,0.0,1685
170,210,0.0,1686
170,230,0.0,1687
170,250,0.0,1688
170,270,0.0,1689
170,290,0.0,1690
170,310,0.0,1691
170,330,0.0,1692
170,350,0.0,1693
170,370,0.0,1694
170,390,0.0,1695
170,410,0.0,1696
170,430,0.0,1697
170,450,0.0,1698
170,470,0.0,1699
170,490,0.0,1700
190,-490,0.0,1701
190,-470,0.0,1702
190,-450,0.0,1703
190,-430,0.0,1704
190,-410,0.0,1705
190,-390,0.0,1706
190,-370,0.0,1707
190,-350,0.0,1708
190,-330,0.0,1709
190,-310,0.0,1710
190,-290,0.0,1711
190,-270,0.0,1712
190,-250,0.0,1713
190,-230,0.0,1714
190,-210,0.0,1715
190,-190,0.0,1716
190,-170,0.0,1717
190,-150,0.0,1718
190,-130,0.0,1719
190,-110,0.0,1720
190,-90,0.0,1721
190,-70,0.0,1722
190,-50,0.0,1723
190,-30,0.0,1724
190,-10,0.0,1725
190,10,0.0,1726
190,30,0.0,1727
190,50,0.0,1728
190,70,0.0,1729
190,90,0.0,1730
190,110,0.0,1731
190,130,0.0,1732
190,150,0.0,1733
190,170,0.0,1734
190,190,0.0,1735
190,210,0.0,1736
190,230,0.0,1737
190,250,0.0,1738
190,270,0.0,1739
190,290,0.0,1740
190,310,0.0,1741
190,330,0.0,1742
190,350,0.0,1743
190,370,0.0,1744
190,390,0.0,1745
190,410,0.0,1746
190,430,0.0,1747
190,450,0.0,1748
190,470,0.0,1749
190,490,0.0,1750
210,-490,0.0,1751
210,-470,0.0,1752
210,-450,0.0,1753
210,-430,0.0,1754
210,-410,0.0,1755
210,-390,0.0,1756
210,-370,0.0,1757
210,-350,0.0,1758
210,-330,0.0,1759
210,-310,0.0,1760
210,-290,0.0,1761
210,-270,0.0,1762
210,-250,0.0,1763
210,-230,0.0,1764
210,-210,0.0,1765
210,-190,0.0,1766
210,-170,0.0,1767
210,-150,0.0,1768
210,-130,0.0,1769
210,-110,0.0,1770
210,-90,0.0,1771
210,-70,0.0,1772
210,-50,0.0,1773
210,-30,0.0,1774
210,-10,0.0,1775
210,10,0.0,1776
210,30,0.0,1777
210,50,0.0,1778
210,70,0.0,1779
210,90,0.0,1780
210,110,0.0,1781
210,130,0.0,1782
210,150,0.0,1783
210,170,0.0,1784
210,190,0.0,1785
210,210,0.0,1786
210,230,0.0,1787
210,250,0.0,1788
210,270,0.0,1789
210,290,0.0,1790
210,310,0.0,1791
210,330,0.0,1792
210,350,0.0,1793
210,370,0.0,1794
210,390,0.0,1795
210,410,0.0,1796
210,430,0.0,1797
210,450,0.0,1798
210,470,0.0,1799
210,490,0.0,1800
230,-490,0.0,1801
230,-470,0.0,1802
230,-450,0.0,1803
230,-430,0.0,1804
230,-410,0.0,1805
230,-390,0.0,1806
230,-370,0.0,1807
230,-350,0.0,1808
230,-330,0.0,1809
230,-310,0.0,1810
230,-290,0.0,1811
230,-270,0.0,1812
230,-250,0.0,1813
230,-230,0.0,1814
230,-210,0.0,1815
230,-190,0.0,1816
230,-170,0.0,1817
230,-150,0.0,1818
230,-130,0.0,1819
230,-110,0.0,1820
230,-90,0.0,1821
230,-70,0.0,1822
230,-50,0.0,1823
230,-30,0.0,1824
230,-10,0.0,1825
230,10,0.0,1826
230,30,0.0,1827
230,50,0.0,1828
230,70,0.0,1829
230,90,0.0,1830
230,110,0.0,1831
230,130,0.0,1832
230,150,0.0,1833
230,170,0.0,1834
230,190,0.0,1835
230,210,0.0,1836
230,230,0.0,1837
230,250,0.0,1838
230,270,0.0,1839
230,290,0.0,1840
230,310,0.0,1841
230,330,0.0,1842
230,350,0.0,1843
230,370,0.0,1844
230,390,0.0,1845
230,410,0.0,1846
230,430,0.0,1847
230,450,0.0,1848
230,470,0.0,1849
230,490,0.0,1850
250,-490,0.0,1851
250,-470,0.0,1852
250,-450,0.0,1853
250,-430,0.0,1854
250,-410,0.0,1855
250,-390,0.0,1856
250,-370,0.0,1857
250,-350,0.0,1858
250,-330,0.0,1859
250,-310,0.0,1860
250,-290,0.0,1861
250,-270,0.0,1862
250,-250,0.0,1863
250,-230,0.0,1864
250,-210,0.0,1865
250,-190,0.0,1866
250,-170,0.0,1867
250,-150,0.0,1868
250,-130,0.0,1869
250,-110,0.0,1870
250,-90,0.0,1871
250,-70,0.0,1872
250,-50,0.0,1873
250,-30,0.0,1874
250,-10,0.0,1875
250,10,0.0,1876
250,30,0.0,1877
250,50,0.0,1878
250,70,0.0,1879
250,90,0.0,1880
250,110,0.0,1881
250,130,0.0,1882
250,150,0.0,1883
250,170,0.0,1884
250,190,0.0,1885
250,210,0.0,1886
250,230,0.0,1887
250,250,0.0,1888
250,270,0.0,1889
250,290,0.0,1890
250,310,0.0,1891
250,330,0.0,1892
250,350,0.0,1893
250,370,0.0,1894
250,390,0.0,1895
250,410,0.0,1896
250,430,0.0,1897
250,450,0.0,1898
250,470,0.0,1899
250,490,0.0,1900
270,-490,0.0,1901
270,-470,0.0,1902
270,-450,0.0,1903
270,-430,0.0,1904
270,-410,0.0,1905
270,-390,0.0,1906
270,-370,0.0,1907
270,-350,0.0,1908
270,-330,0.0,1909
270,-310,0.0,1910
270,-290,0.0,1911
270,-270,0.0,1912
270,-250,0.0,1913
270,-230,0.0,1914
270,-210,0.0,1915
270,-190,0.0,1916
270,-170,0.0,1917
270,-150,0.0,1918
270,-130,0.0,1919
270,-110,0.0,1920
270,-90,0.0,1921
270,-70,0.0,1922
270,-50,0.0,1923
270,-30,0.0,1924
270,-10,0.0,1925
270,10,0.0,1926
270,30,0.0,1927
270,50,0.0,1928
270,70,0.0,1929
270,90,0.0,1930
270,110,0.0,1931
270,130,0.0,1932
270,150,0.0,1933
270,170,0.0,1934
270,190,0.0,1935
270,210,0.0,1936
270,230,0.0,1937
270,250,0.0,1938
270,270,0.0,1939
270,290,0.0,1940
270,310,0.0,1941
270,330,0.0,1942
270,350,0.0,1943
270,370,0.0,1944
270,390,0.0,1945
270,410,0.0,1946
270,430,0.0,1947
270,450,0.0,1948
270,470,0.0,1949
270,490,0.0,1950
290,-490,0.0,1951
290,-470,0.0,1952
290,-450,0.0,1953
290,-430,0.0,1954
290,-410,0.0,1955
290,-390,0.0,1956
290,-370,0.0,1957
290,-350,0.0,1958
290,-330,0.0,1959
290,-310,0.0,1960
290,-290,0.0,1961
290,-270,0.0,1962
290,-250,0.0,1963
290,-230,0.0,1964
290,-210,0.0,1965
290,-190,0.0,1966
290,-170,0.0,1967
290,-150,0.0,1968
290,-130,0.0,1969
290,-110,0.0,1970
290,-90,0.0,1971
290,-70,0.0,1972
290,-50,0.0,1973
290,-30,0.0,1974
290,-10,0.0,1975
290,10,0.0,1976
290,30,0.0,1977
290,50,0.0,1978
290,70,0.0,1979
290,90,0.0,1980
290,110,0.0,1981
290,130,0.0,1982
290,150,0.0,1983
290,170,0.0,1984
290,190,0.0,1985
290,210,0.0,1986
290,230,0.0,1987
290,250,0.0,1988
290,270,0.0,1989
290,290,0.0,1990
290,310,0.0,1991
290,330,0.0,1992
290,350,0.0,1993
290,370,0.0,1994
290,390,0.0,1995
290,410,0.0,1996
290,430,0.0,1997
290,450,0.0,1998
290,470,0.0,1999
290,490,0.0,2000
310,-490,0.0,2001
310,-470,0.0,2002
310,-450,0.0,2003
310,-430,0.0,2004
310,-410,0.0,2005
310,-390,0.0,2006
310,-370,0.0,2007
310,-350,0.0,2008
310,-330,0.0,2009
310,-310,0.0,2010
310,-290,0.0,2011
310,-270,0.0,2012
310,-250,0.0,2013
310,-230,0.0,2014
310,-210,0.0,2015
310,-190,0.0,2016
310,-170,0.0,2017
310,-150,0.0,2018
310,-130,0.0,2019
310,-110,0.0,2020
310,-90,0.0,2021
310,-70,0.0,2022
310,-50,0.0,2023
310,-30,0.0,2024
310,-10,0.0,2025
310,10,0.0,2026
310,30,0.0,2027
310,50,0.0,2028
310,70,0.0,2029
310,90,0.0,2030
310,110,0.0,2031
310,130,0.0,2032
310,150,0.0,2033
310,170,0.0,2034
310,190,0.0,2035
310,210,0.0,2036
310,230,0.0,2037
310,250,0.0,2038
310,270,0.0,2039
310,290,0.0,2040
310,310,0.0,2041
310,330,0.0,2042
310,350,0.0,2043
310,370,0.0,2044
310,390,0.0,2045
310,410,0.0,2046
310,430,0.0,2047
310,450,0.0,2048
310,470,0.0,2049
310,490,0.0,2050
330,-490,0.0,2051
330,-470,0.0,2052
330,-450,0.0,2053
330,-430,0.0,2054
330,-410,0.0,2055
330,-390,0.0,2056
330,-370,0.0,2057
330,-350,0.0,2058
330,-330,0.0,2059
330,-310,0.0,2060
330,-290,0.0,2061
330,-270,0.0,2062
330,-250,0.0,2063
330,-230,0.0,2064
330,-210,0.0,2065
330,-190,0.0,2066
330,-170,0.0,2067
330,-150,0.0,2068
330,-130,0.0,2069
330,-110,0.0,2070
330,-90,0.0,2071
330,-70,0.0,2072
330,-50,0.0,2073
330,-30,0.0,2074
330,-10,0.0,2075
330,10,0.0,2076
330,30,0.0,2077
330,50,0.0,2078
330,70,0.0,2079
330,90,0.0,2080
330,110,0.0,2081
330,130,0.0,2082
330,150,0.0,2083
330,170,0.0,2084
330,190,0.0,2085
330,210,0.0,2086
330,230,0.0,2087
330,250,0.0,2088
330,270,0.0,2089
330,290,0.0,2090
330,310,0.0,2091
330,330,0.0,2092
330,350,0.0,2093
330,370,0.0,2094
330,390,0.0,2095
330,410,0.0,2096
330,430,0.0,2097
330,450,0.0,2098
330,470,0.0,2099
330,490,0.0,2100
350,-490,0.0,2101
350,-470,0.0,2102
350,-450,0.0,2103
350,-430,0.0,2104
350,-410,0.0,2105
350,-390,0.0,2106
350,-370,0.0,2107
350,-350,0.0,2108
350,-330,0.0,2109
350,-310,0.0,2110
350,-290,0.0,2111
350,-270,0.0,2112
350,-250,0.0,2113
350,-230,0.0,2114
350,-210,0.0,2115
350,-190,0.0,2116
350,-170,0.0,2117
350,-150,0.0,2118
350,-130,0.0,2119
350,-110,0.0,2120
350,-90,0.0,2121
350,-70,0.0,2122
350,-50,0.0,2123
350,-30,0.0,2124
350,-10,0.0,2125
350,10,0.0,2126
350,30,0.0,2127
350,50,0.0,2128
350,70,0.0,2129
350,90,0.0,2130
350,110,0.0,2131
350,130,0.0,2132
350,150,0.0,2133
350,170,0.0,2134
350,190,0.0,2135
350,210,0.0,2136
350,230,0.0,2137
350,250,0.0,2138
350,270,0.0,2139
350,290,0.0,2140
350,310,0.0,2141
350,330,0.0,2142
350,350,0.0,2143
350,370,0.0,2144
350,390,0.0,2145
350,410,0.0,2146
350,430,0.0,2147
350,450,0.0,2148
350,470,0.0,2149
350,490,0.0,2150
370,-490,0.0,2151
370,-470,0.0,2152
370,-450,0.0,2153
370,-430,0.0,2154
370,-410,0.0,2155
370,-390,0.0,2156
370,-370,0.0,2157
370,-350,0.0,2158
370,-330,0.0,2159
370,-310,0.0,2160
370,-290,0.0,2161
370,-270,0.0,2162
370,-250,0.0,2163
370,-230,0.0,2164
370,-210,0.0,2165
370,-190,0.0,2166
370,-170,0.0,2167
370,-150,0.0,2168
370,-130,0.0,2169
370,-110,0.0,2170
370,-90,0.0,2171
370,-70,0.0,2172
370,-50,0.0,2173
370,-30,0.0,2174
370,-10,0.0,2175
370,10,0.0,2176
370,30,0.0,2177
370,50,0.0,2178
370,70,0.0,2179
370,90,0.0,2180
370,110,0.0,2181
370,130,0.0,2182
370,150,0.0,2183
370,170,0.0,2184
370,190,0.0,2185
370,210,0.0,2186
370,230,0.0,2187
370,250,0.0,2188
370,270,0.0,2189
370,290,0.0,2190
370,310,0.0,2191
370,330,0.0,2192
370,350,0.0,2193
370,370,0.0,2194
370,390,0.0,2195
370,410,0.0,2196
370,430,0.0,2197
370,450,0.0,2198
370,470,0.0,2199
370,490,0.0,2200
390,-490,0.0,2201
390,-470,0.0,2202
390,-450,0.0,2203
390,-430,0.0,2204
390,-410,0.0,2205
390,-390,0.0,2206
390,-370,0.0,2207
390,-350,0.0,2208
390,-330,0.0,2209
390,-310,0.0,2210
390,-290,0.0,2211
390,-270,0.0,2212
390,-250,0.0,2213
390,-230,0.0,2214
390,-210,0.0,2215
390,-190,0.0,2216
390,-170,0.0,2217
390,-150,0.0,2218
390,-130,0.0,2219
390,-110,0.0,2220
390,-90,0.0,2221
390,-70,0.0,2222
390,-50,0.0,2223
390,-30,0.0,2224
390,-10,0.0,2225
390,10,0.0,2226
390,30,0.0,2227
390,50,0.0,2228
390,70,0.0,2229
390,90,0.0,2230
390,110,0.0,2231
390,130,0.0,2232
390,150,0.0,2233
390,170,0.0,2234
390,190,0.0,2235
390,210,0.0,2236
390,230,0.0,2237
390,250,0.0,2238
390,270,0.0,2239
390,290,0.0,2240
390,310,0.0,2241
390,330,0.0,2242
390,350,0.0,2243
390,370,0.0,2244
390,390,0.0,2245
390,410,0.0,2246
390,430,0.0,2247
390,450,0.0,2248
390,470,0.0,2249
390,490,0.0,2250
410,-490,0.0,2251
410,-470,0.0,2252
410,-450,0.0,2253
410,-430,0.0,2254
410,-410,0.0,2255
410,-390,0.0,2256
410,-370,0.0,2257
410,-350,0.0,2258
410,-330,0.0,2259
410,-310,0.0,2260
410,-290,0.0,2261
410,-270,0.0,2262
410,-250,0.0,2263
410,-230,0.0,2264
410,-210,0.0,2265
410,-190,0.0,2266
410,-170,0.0,2267
410,-150,0.0,2268
410,-130,0.0,2269
410,-110,0.0,2270
410,-90,0.0,2271
410,-70,0.0,2272
410,-50,0.0,2273
410,-30,0.0,2274
410,-10,0.0,2275
410,10,0.0,2276
410,30,0.0,2277
410,50,0.0,2278
410,70,0.0,2279
410,90,0.0,2280
410,110,0.0,2281
410,130,0.0,2282
410,150,0.0,2283
410,170,0.0,2284
410,190,0.0,2285
410,210,0.0,2286
410,230,0.0,2287
410,250,0.0,2288
410,270,0.0,2289
410,290,0.0,2290
410,310,0.0,2291
410,330,0.0,2292
410,350,0.0,2293
410,370,0.0,2294
410,390,0.0,2295
410,410,0.0,2296
410,430,0.0,2297
410,450,0.0,2298
410,470,0.0,2299
410,490,0.0,2300
430,-490,0.0,2301
430,-470,0.0,2302
430,-450,0.0,2303
430,-430,0.0,2304
430,-410,0.0,2305
430,-390,0.0,2306
430,-370,0.0,2307
430,-350,0.0,2308
430,-330,0.0,2309
430,-310,0.0,2310
430,-290,0.0,2311
430,-270,0.0,2312
430,-250,0.0,2313
430,-230,0.0,2314
430,-210,0.0,2315
430,-190,0.0,2316
430,-170,0.0,2317
430,-150,0.0,2318
430,-130,0.0,2319
430,-110,0.0,2320
430,-90,0.0,2321
430,-70,0.0,2322
430,-50,0.0,2323
430,-30,0.0,2324
430,-10,0.0,2325
430,10,0.0,2326
430,30,0.0,2327
430,50,0.0,2328
430,70,0.0,2329
430,90,0.0,2330
430,110,0.0,2331
430,130,0.0,2332
430,150,0.0,2333
430,170,0.0,2334
430,190,0.0,2335
430,210,0.0,2336
430,230,0.0,2337
430,250,0.0,2338
430,270,0.0,2339
430,290,0.0,2340
430,310,0.0,2341
430,330,0.0,2342
430,350,0.0,2343
430,370,0.0,2344
430,390,0.0,2345
430,410,0.0,2346
430,430,0.0,2347
430,450,0.0,2348
430,470,0.0,2349
430,490,0.0,2350
450,-490,0.0,2351
450,-470,0.0,2352
450,-450,0.0,2353
450,-430,0.0,2354
450,-410,0.0,2355
450,-390,0.0,2356
450,-370,0.0,2357
450,-350,0.0,2358
450,-330,0.0,2359
450,-310,0.0,2360
450,-290,0.0,2361
450,-270,0.0,2362
450,-250,0.0,2363
450,-230,0.0,2364
450,-210,0.0,2365
450,-190,0.0,2366
450,-170,0.0,2367
450,-150,0.0,2368
450,-130,0.0,2369
450,-110,0.0,2370
450,-90,0.0,2371
450,-70,0.0,2372
450,-50,0.0,2373
450,-30,0.0,2374
450,-10,0.0,2375
450,10,0.0,2376
450,30,0.0,2377
450,50,0.0,2378
450,70,0.0,2379
450,90,0.0,2380
450,110,0.0,2381
450,130,0.0,2382
450,150,0.0,2383
450,170,0.0,2384
450,190,0.0,2385
450,210,0.0,2386
450,230,0.0,2387
450,250,0.0,2388
450,270,0.0,2389
450,290,0.0,2390
450,310,0.0,2391
450,330,0.0,2392
450,350,0.0,2393
450,370,0.0,2394
450,390,0.0,2395
450,410,0.0,2396
450,430,0.0,2397
450,450,0.0,2398
450,470,0.0,2399
450,490,0.0,2400
470,-490,0.0,2401
470,-470,0.0,2402
470,-450,0.0,2403
470,-430,0.0,2404
470,-410,0.0,2405
470,-390,0.0,2406
470,-370,0.0,2407
470,-350,0.0,2408
470,-330,0.0,2409
470,-310,0.0,2410
470,-290,0.0,2411
470,-270,0.0,2412
470,-250,0.0,2413
470,-230,0.0,2414
470,-210,0.0,2415
470,-190,0.0,2416
470,-170,0.0,2417
470,-150,0.0,2418
470,-130,0.0,2419
470,-110,0.0,2420
470,-90,0.0,2421
470,-70,0.0,2422
470,-50,0.0,2423
470,-30,0.0,2424
470,-10,0.0,2425
470,10,0.0,2426
470,30,0.0,2427
470,50,0.0,2428
470,70,0.0,2429
470,90,0.0,2430
470,110,0.0,2431
470,130,0.0,2432
470,150,0.0,2433
470,170,0.0,2434
470,190,0.0,2435
470,210,0.0,2436
470,230,0.0,2437
470,250,0.0,2438
470,270,0.0,2439
470,290,0.0,2440
470,310,0.0,2441
470,330,0.0,2442
470,350,0.0,2443
470,370,0.0,2444
470,390,0.0,2445
470,410,0.0,2446
470,430,0.0,2447
470,450,0.0,2448
470,470,0.0,2449
470,490,0.0,2450
490,-490,0.0,2451
490,-470,0.0,2452
490,-450,0.0,2453
490,-430,0.0,2454
490,-410,0.0,2455
490,-390,0.0,2456
490,-370,0.0,2457
490,-350,0.0,2458
490,-330,0.0,2459
490,-310,0.0,2460
490,-290,0.0,2461
490,-270,0.0,2462
490,-250,0.0,2463
490,-230,0.0,2464
490,-210,0.0,2465
490,-190,0.0,2466
490,-170,0.0,2467
490,-150,0.0,2468
490,-130,0.0,2469
490,-110,0.0,2470
490,-90,0.0,2471
490,-70,0.0,2472
490,-50,0.0,2473
490,-30,0.0,2474
490,-10,0.0,2475
490,10,0.0,2476
490,30,0.0,2477
490,50,0.0,2478
490,70,0.0,2479
490,90,0.0,2480
490,110,0.0,2481
490,130,0.0,2482
490,150,0.0,2483
490,170,0.0,2484
490,190,0.0,2485
490,210,0.0,2486
490,230,0.0,2487
490,250,0.0,2488
490,270,0.0,2489
490,290,0.0,2490
490,310,0.0,2491
490,330,0.0,2492
490,350,0.0,2493
490,370,0.0,2494
490,390,0.0,2495
490,410,0.0,2496
490,430,0.0,2497
490,450,0.0,2498
490,470,0.0,2499
490,490,0.0,2500
